{
  "vanilla": {
    "mrr@10": 0.830484126984127,
    "ndcg@10": 0.8643551688389187,
    "attr_mrr@10": 0.8479993386243385,
    "non_attr_mrr@10": 0.8275376427829699,
    "e_vs_s_separation": 0.6686032771850965
  },
  "gap": {
    "mrr@10": 0.8326130952380952,
    "ndcg@10": 0.8679040522109233,
    "attr_mrr@10": 0.8515983245149913,
    "non_attr_mrr@10": 0.8294193183503932,
    "e_vs_s_separation": 0.6865381594801993,
    "pruning": {
      "mrr@10_top2": 0.8071559523809524,
      "mrr@10_top4": 0.8340523809523809,
      "mrr@10_top8": 0.8351702380952382,
      "mrr@10_topall": 0.8326130952380952
    }
  },
  "loo": {
    "mrr@10": 0.8264940476190475,
    "ndcg@10": 0.862332667229892,
    "attr_mrr@10": 0.8492669753086419,
    "non_attr_mrr@10": 0.8226630878207981,
    "e_vs_s_separation": 0.6673049014171728,
    "pruning": {
      "mrr@10_top2": 0.7789801587301587,
      "mrr@10_top4": 0.8104801587301587,
      "mrr@10_top8": 0.8226623015873015,
      "mrr@10_topall": 0.8264940476190475
    }
  },
  "num_queries": 1000
}
