{
  "vanilla": {
    "mrr@10": 0.5696101335454153,
    "ndcg@10": 0.8275808164515567,
    "attr_mrr@10": 0.4559562336261365,
    "non_attr_mrr@10": 0.6007440476190476,
    "exact_vs_partial_sep": 0.6992757365082827
  },
  "gap": {
    "mrr@10": 0.5757613414189614,
    "ndcg@10": 0.8211705530933873,
    "attr_mrr@10": 0.47580906148867314,
    "non_attr_mrr@10": 0.603141886187099,
    "exact_vs_partial_sep": 0.7071632378005951,
    "pruning": {
      "top2": 0.5236521191636014,
      "top4": 0.571191636014183,
      "top8": 0.5769095668886901,
      "topall": 0.5757613414189614
    }
  },
  "loo": {
    "mrr@10": 0.5703623620638234,
    "ndcg@10": 0.8167075947650423,
    "attr_mrr@10": 0.4494452149791956,
    "non_attr_mrr@10": 0.6034859422492401,
    "exact_vs_partial_sep": 0.7062408029895044,
    "pruning": {
      "top2": 0.504338569108924,
      "top4": 0.5482279550651158,
      "top8": 0.5729744507406302,
      "topall": 0.5703623620638234
    }
  },
  "num_queries": 479
}
